{
  "experiment": "baseline_resnet50_frac60",
  "device": "cuda",
  "best_epoch": 30,
  "best_val_metric": 0.9142087586871945,
  "primary_metric": "quadratic_kappa",
  "val": {
    "accuracy": 0.8430232558139535,
    "balanced_accuracy": 0.6896890326728259,
    "macro_f1": 0.7040028876596041,
    "weighted_f1": 0.839166335949137,
    "quadratic_kappa": 0.9142087586871945,
    "macro_auroc": 0.9623301612036885,
    "per_class_precision": [
      0.9322033898305084,
      0.8382352941176471,
      0.8181818181818182,
      0.42857142857142855,
      0.6
    ],
    "per_class_recall": [
      0.9016393442622951,
      0.9193548387096774,
      0.7941176470588235,
      0.3333333333333333,
      0.5
    ],
    "per_class_f1": [
      0.9166666666666666,
      0.8769230769230769,
      0.8059701492537313,
      0.375,
      0.5454545454545454
    ],
    "per_class_support": [
      61,
      62,
      34,
      9,
      6
    ],
    "confusion_matrix": [
      [
        55,
        6,
        0,
        0,
        0
      ],
      [
        4,
        57,
        1,
        0,
        0
      ],
      [
        0,
        5,
        27,
        2,
        0
      ],
      [
        0,
        0,
        4,
        3,
        2
      ],
      [
        0,
        0,
        1,
        2,
        3
      ]
    ]
  },
  "test": {
    "accuracy": 0.6814516129032258,
    "balanced_accuracy": 0.5676282051282051,
    "macro_f1": 0.6029940986930236,
    "weighted_f1": 0.678369353729222,
    "quadratic_kappa": 0.7814200890648194,
    "macro_auroc": 0.9147000047255132,
    "per_class_precision": [
      0.7926829268292683,
      0.5555555555555556,
      0.813953488372093,
      0.4,
      1.0
    ],
    "per_class_recall": [
      0.8125,
      0.7692307692307693,
      0.5384615384615384,
      0.3333333333333333,
      0.38461538461538464
    ],
    "per_class_f1": [
      0.8024691358024691,
      0.6451612903225806,
      0.6481481481481481,
      0.36363636363636365,
      0.5555555555555556
    ],
    "per_class_support": [
      80,
      78,
      65,
      12,
      13
    ],
    "confusion_matrix": [
      [
        65,
        15,
        0,
        0,
        0
      ],
      [
        17,
        60,
        1,
        0,
        0
      ],
      [
        0,
        28,
        35,
        2,
        0
      ],
      [
        0,
        1,
        7,
        4,
        0
      ],
      [
        0,
        4,
        0,
        4,
        5
      ]
    ]
  },
  "config": {
    "seed": 42,
    "image_size": 224,
    "val_split": 0.15,
    "num_workers": 8,
    "batch_size": 128,
    "train_fraction": 0.6,
    "augmentation": true,
    "backbone": "resnet50",
    "pretrained": true,
    "dropout": 0.3,
    "epochs": 30,
    "head_lr": 0.001,
    "backbone_lr": 0.0001,
    "weight_decay": 0.0001,
    "scheduler": "cosine",
    "warmup_epochs": 1,
    "label_smoothing": 0.0,
    "grad_clip": 1.0,
    "use_amp": true,
    "early_stop_patience": 7,
    "primary_metric": "quadratic_kappa",
    "checkpoint_dir": "/home/michal/GroupProjectAIMedIM/checkpoints/baseline",
    "output_dir": "/home/michal/GroupProjectAIMedIM/outputs/baseline",
    "experiment_name": "baseline_resnet50_frac60"
  }
}