{
  "experiment": "baseline_resnet50_img384",
  "device": "cuda",
  "best_epoch": 8,
  "best_val_metric": 0.9183098591549296,
  "primary_metric": "quadratic_kappa",
  "val": {
    "accuracy": 0.8662790697674418,
    "balanced_accuracy": 0.7219374194239656,
    "macro_f1": 0.733387015739957,
    "weighted_f1": 0.8594462869428672,
    "quadratic_kappa": 0.9183098591549296,
    "macro_auroc": 0.9621949077998975,
    "per_class_precision": [
      0.9230769230769231,
      0.9298245614035088,
      0.75,
      0.4,
      0.8
    ],
    "per_class_recall": [
      0.9836065573770492,
      0.8548387096774194,
      0.8823529411764706,
      0.2222222222222222,
      0.6666666666666666
    ],
    "per_class_f1": [
      0.9523809523809523,
      0.8907563025210085,
      0.8108108108108109,
      0.2857142857142857,
      0.7272727272727273
    ],
    "per_class_support": [
      61,
      62,
      34,
      9,
      6
    ],
    "confusion_matrix": [
      [
        60,
        1,
        0,
        0,
        0
      ],
      [
        5,
        53,
        3,
        1,
        0
      ],
      [
        0,
        3,
        30,
        0,
        1
      ],
      [
        0,
        0,
        7,
        2,
        0
      ],
      [
        0,
        0,
        0,
        2,
        4
      ]
    ]
  },
  "test": {
    "accuracy": 0.7379032258064516,
    "balanced_accuracy": 0.6333974358974359,
    "macro_f1": 0.6606039445011019,
    "weighted_f1": 0.7284846778733838,
    "quadratic_kappa": 0.8401264348694061,
    "macro_auroc": 0.9271956154073653,
    "per_class_precision": [
      0.7281553398058253,
      0.6756756756756757,
      0.8392857142857143,
      0.6,
      0.8
    ],
    "per_class_recall": [
      0.9375,
      0.6410256410256411,
      0.7230769230769231,
      0.25,
      0.6153846153846154
    ],
    "per_class_f1": [
      0.819672131147541,
      0.6578947368421053,
      0.7768595041322314,
      0.35294117647058826,
      0.6956521739130435
    ],
    "per_class_support": [
      80,
      78,
      65,
      12,
      13
    ],
    "confusion_matrix": [
      [
        75,
        5,
        0,
        0,
        0
      ],
      [
        27,
        50,
        1,
        0,
        0
      ],
      [
        1,
        16,
        47,
        0,
        1
      ],
      [
        0,
        1,
        7,
        3,
        1
      ],
      [
        0,
        2,
        1,
        2,
        8
      ]
    ]
  },
  "config": {
    "seed": 42,
    "image_size": 384,
    "val_split": 0.15,
    "num_workers": 8,
    "batch_size": 8,
    "train_fraction": 1.0,
    "augmentation": true,
    "backbone": "resnet50",
    "pretrained": true,
    "dropout": 0.3,
    "epochs": 30,
    "head_lr": 0.001,
    "backbone_lr": 0.0001,
    "weight_decay": 0.0001,
    "scheduler": "cosine",
    "warmup_epochs": 1,
    "label_smoothing": 0.0,
    "grad_clip": 1.0,
    "use_amp": true,
    "early_stop_patience": 7,
    "primary_metric": "quadratic_kappa",
    "checkpoint_dir": "/home/michal/GroupProjectAIMedIM/checkpoints/baseline",
    "output_dir": "/home/michal/GroupProjectAIMedIM/outputs/baseline",
    "experiment_name": "baseline_resnet50_img384"
  }
}