{
  "experiment": "baseline_resnet50_frac30",
  "device": "cuda",
  "best_epoch": 20,
  "best_val_metric": 0.8656054659107428,
  "primary_metric": "quadratic_kappa",
  "val": {
    "accuracy": 0.75,
    "balanced_accuracy": 0.5663797900616266,
    "macro_f1": 0.5485292060959155,
    "weighted_f1": 0.7416399065998691,
    "quadratic_kappa": 0.8656054659107428,
    "macro_auroc": 0.9359183833391767,
    "per_class_precision": [
      0.9230769230769231,
      0.7246376811594203,
      0.675,
      0.36363636363636365,
      0.0
    ],
    "per_class_recall": [
      0.7868852459016393,
      0.8064516129032258,
      0.7941176470588235,
      0.4444444444444444,
      0.0
    ],
    "per_class_f1": [
      0.8495575221238938,
      0.7633587786259542,
      0.7297297297297297,
      0.4,
      0.0
    ],
    "per_class_support": [
      61,
      62,
      34,
      9,
      6
    ],
    "confusion_matrix": [
      [
        48,
        13,
        0,
        0,
        0
      ],
      [
        4,
        50,
        8,
        0,
        0
      ],
      [
        0,
        6,
        27,
        1,
        0
      ],
      [
        0,
        0,
        5,
        4,
        0
      ],
      [
        0,
        0,
        0,
        6,
        0
      ]
    ]
  },
  "test": {
    "accuracy": 0.6693548387096774,
    "balanced_accuracy": 0.49762820512820516,
    "macro_f1": 0.4873036810388253,
    "weighted_f1": 0.6552157591710004,
    "quadratic_kappa": 0.7377049180327869,
    "macro_auroc": 0.9002806398991176,
    "per_class_precision": [
      0.8133333333333334,
      0.5625,
      0.8085106382978723,
      0.2857142857142857,
      0.0
    ],
    "per_class_recall": [
      0.7625,
      0.8076923076923077,
      0.5846153846153846,
      0.3333333333333333,
      0.0
    ],
    "per_class_f1": [
      0.7870967741935484,
      0.6631578947368421,
      0.6785714285714286,
      0.3076923076923077,
      0.0
    ],
    "per_class_support": [
      80,
      78,
      65,
      12,
      13
    ],
    "confusion_matrix": [
      [
        61,
        19,
        0,
        0,
        0
      ],
      [
        14,
        63,
        1,
        0,
        0
      ],
      [
        0,
        24,
        38,
        3,
        0
      ],
      [
        0,
        1,
        7,
        4,
        0
      ],
      [
        0,
        5,
        1,
        7,
        0
      ]
    ]
  },
  "config": {
    "seed": 42,
    "image_size": 224,
    "val_split": 0.15,
    "num_workers": 8,
    "batch_size": 128,
    "train_fraction": 0.3,
    "augmentation": true,
    "backbone": "resnet50",
    "pretrained": true,
    "dropout": 0.3,
    "epochs": 30,
    "head_lr": 0.001,
    "backbone_lr": 0.0001,
    "weight_decay": 0.0001,
    "scheduler": "cosine",
    "warmup_epochs": 1,
    "label_smoothing": 0.0,
    "grad_clip": 1.0,
    "use_amp": true,
    "early_stop_patience": 7,
    "primary_metric": "quadratic_kappa",
    "checkpoint_dir": "/home/michal/GroupProjectAIMedIM/checkpoints/baseline",
    "output_dir": "/home/michal/GroupProjectAIMedIM/outputs/baseline",
    "experiment_name": "baseline_resnet50_frac30"
  }
}