{
  "experiment": "baseline_resnet50",
  "device": "cuda",
  "best_epoch": 28,
  "best_val_metric": 0.9238987939171474,
  "primary_metric": "quadratic_kappa",
  "val": {
    "accuracy": 0.8430232558139535,
    "balanced_accuracy": 0.7572730132066929,
    "macro_f1": 0.7552405192336769,
    "weighted_f1": 0.8407059301597253,
    "quadratic_kappa": 0.9238987939171474,
    "macro_auroc": 0.9555334291015443,
    "per_class_precision": [
      0.875,
      0.85,
      0.875,
      0.5714285714285714,
      1.0
    ],
    "per_class_recall": [
      0.9180327868852459,
      0.8225806451612904,
      0.8235294117647058,
      0.8888888888888888,
      0.3333333333333333
    ],
    "per_class_f1": [
      0.896,
      0.8360655737704918,
      0.8484848484848485,
      0.6956521739130435,
      0.5
    ],
    "per_class_support": [
      61,
      62,
      34,
      9,
      6
    ],
    "confusion_matrix": [
      [
        56,
        5,
        0,
        0,
        0
      ],
      [
        8,
        51,
        3,
        0,
        0
      ],
      [
        0,
        4,
        28,
        2,
        0
      ],
      [
        0,
        0,
        1,
        8,
        0
      ],
      [
        0,
        0,
        0,
        4,
        2
      ]
    ]
  },
  "test": {
    "accuracy": 0.7217741935483871,
    "balanced_accuracy": 0.6111538461538462,
    "macro_f1": 0.643002689315213,
    "weighted_f1": 0.7181535007951633,
    "quadratic_kappa": 0.7876447876447876,
    "macro_auroc": 0.9195138959774427,
    "per_class_precision": [
      0.8148148148148148,
      0.6,
      0.851063829787234,
      0.5454545454545454,
      1.0
    ],
    "per_class_recall": [
      0.825,
      0.8076923076923077,
      0.6153846153846154,
      0.5,
      0.3076923076923077
    ],
    "per_class_f1": [
      0.8198757763975155,
      0.6885245901639344,
      0.7142857142857143,
      0.5217391304347826,
      0.47058823529411764
    ],
    "per_class_support": [
      80,
      78,
      65,
      12,
      13
    ],
    "confusion_matrix": [
      [
        66,
        14,
        0,
        0,
        0
      ],
      [
        14,
        63,
        1,
        0,
        0
      ],
      [
        1,
        23,
        40,
        1,
        0
      ],
      [
        0,
        1,
        5,
        6,
        0
      ],
      [
        0,
        4,
        1,
        4,
        4
      ]
    ]
  },
  "config": {
    "seed": 42,
    "image_size": 224,
    "val_split": 0.15,
    "num_workers": 8,
    "batch_size": 128,
    "train_fraction": 1.0,
    "augmentation": true,
    "backbone": "resnet50",
    "pretrained": true,
    "dropout": 0.3,
    "epochs": 30,
    "head_lr": 0.001,
    "backbone_lr": 0.0001,
    "weight_decay": 0.0001,
    "scheduler": "cosine",
    "warmup_epochs": 1,
    "label_smoothing": 0.0,
    "grad_clip": 1.0,
    "use_amp": true,
    "early_stop_patience": 7,
    "primary_metric": "quadratic_kappa",
    "checkpoint_dir": "/home/michal/GroupProjectAIMedIM/checkpoints/baseline",
    "output_dir": "/home/michal/GroupProjectAIMedIM/outputs/baseline",
    "experiment_name": "baseline_resnet50"
  }
}