{
  "experiment": "bias",
  "device": "cuda",
  "best_epoch": 13,
  "best_val_metric": 0.9208002540489044,
  "primary_metric": "quadratic_kappa",
  "val": {
    "accuracy": 0.8662790697674418,
    "balanced_accuracy": 0.8388458573981328,
    "macro_f1": 0.8410612929582149,
    "weighted_f1": 0.8663104720020702,
    "quadratic_kappa": 0.9208002540489044,
    "macro_auroc": 0.9625083613669636,
    "per_class_precision": [
      0.9333333333333333,
      0.8307692307692308,
      0.84375,
      0.7777777777777778,
      0.8333333333333334
    ],
    "per_class_recall": [
      0.9180327868852459,
      0.8709677419354839,
      0.7941176470588235,
      0.7777777777777778,
      0.8333333333333334
    ],
    "per_class_f1": [
      0.9256198347107438,
      0.8503937007874016,
      0.8181818181818182,
      0.7777777777777778,
      0.8333333333333334
    ],
    "per_class_support": [
      61,
      62,
      34,
      9,
      6
    ],
    "confusion_matrix": [
      [
        56,
        5,
        0,
        0,
        0
      ],
      [
        4,
        54,
        4,
        0,
        0
      ],
      [
        0,
        5,
        27,
        1,
        1
      ],
      [
        0,
        1,
        1,
        7,
        0
      ],
      [
        0,
        0,
        0,
        1,
        5
      ]
    ]
  },
  "test": {
    "accuracy": 0.7016129032258065,
    "balanced_accuracy": 0.6365384615384615,
    "macro_f1": 0.6854995626897155,
    "weighted_f1": 0.7042705797224116,
    "quadratic_kappa": 0.7695933289020485,
    "macro_auroc": 0.9249358893240401,
    "per_class_precision": [
      0.775,
      0.5555555555555556,
      0.8666666666666667,
      0.8571428571428571,
      0.875
    ],
    "per_class_recall": [
      0.775,
      0.7692307692307693,
      0.6,
      0.5,
      0.5384615384615384
    ],
    "per_class_f1": [
      0.775,
      0.6451612903225806,
      0.7090909090909091,
      0.631578947368421,
      0.6666666666666666
    ],
    "per_class_support": [
      80,
      78,
      65,
      12,
      13
    ],
    "confusion_matrix": [
      [
        62,
        18,
        0,
        0,
        0
      ],
      [
        17,
        60,
        1,
        0,
        0
      ],
      [
        1,
        24,
        39,
        0,
        1
      ],
      [
        0,
        1,
        5,
        6,
        0
      ],
      [
        0,
        5,
        0,
        1,
        7
      ]
    ]
  },
  "config": {
    "seed": 42,
    "image_size": 224,
    "val_split": 0.15,
    "num_workers": 8,
    "batch_size": 128,
    "train_fraction": 1.0,
    "augmentation": true,
    "return_metadata": true,
    "balanced_sampler": false,
    "backbone": "resnet50",
    "pretrained": true,
    "dropout": 0.3,
    "add_max_pooling": false,
    "num_meta_features": 0,
    "epochs": 30,
    "head_lr": 0.001,
    "backbone_lr": 0.0001,
    "weight_decay": 0.0001,
    "scheduler": "cosine",
    "warmup_epochs": 1,
    "label_smoothing": 0.0,
    "weighted_ce": false,
    "use_bias_loss": false,
    "grad_clip": 1.0,
    "use_amp": true,
    "early_stop_patience": 7,
    "primary_metric": "quadratic_kappa",
    "checkpoint_dir": "/home/dudu/ucl/applied_ai/cw2/AppliedAIGroupProject/checkpoints/baseline",
    "output_dir": "/home/dudu/ucl/applied_ai/cw2/AppliedAIGroupProject/outputs/baseline",
    "experiment_name": "bias"
  }
}