{
  "experiment": "mmac_mixed_mtl_center_imbalance",
  "device": "cuda",
  "best_epoch": 0,
  "best_val_metric": NaN,
  "primary_metric": "quadratic_kappa",
  "val": {
    "accuracy": 0.8837209302325582,
    "balanced_accuracy": 0.788551204017655,
    "macro_f1": 0.7828321153514922,
    "weighted_f1": 0.8845956197287309,
    "quadratic_kappa": 0.938822219472968,
    "macro_auroc": 0.881251021810408,
    "per_class_precision": [
      0.9365079365079365,
      0.9310344827586207,
      0.8571428571428571,
      0.5,
      0.6666666666666666
    ],
    "per_class_recall": [
      0.9672131147540983,
      0.8709677419354839,
      0.8823529411764706,
      0.5555555555555556,
      0.6666666666666666
    ],
    "per_class_f1": [
      0.9516129032258065,
      0.9,
      0.8695652173913043,
      0.5263157894736842,
      0.6666666666666666
    ],
    "per_class_support": [
      61,
      62,
      34,
      9,
      6
    ],
    "confusion_matrix": [
      [
        59,
        2,
        0,
        0,
        0
      ],
      [
        4,
        54,
        3,
        1,
        0
      ],
      [
        0,
        2,
        30,
        2,
        0
      ],
      [
        0,
        0,
        2,
        5,
        2
      ],
      [
        0,
        0,
        0,
        2,
        4
      ]
    ]
  },
  "test": {
    "accuracy": 0.7741935483870968,
    "balanced_accuracy": 0.6775,
    "macro_f1": 0.705406813888346,
    "weighted_f1": 0.7694250243233077,
    "quadratic_kappa": 0.8346760467491205,
    "macro_auroc": 0.9180699401322985,
    "per_class_precision": [
      0.7717391304347826,
      0.72,
      0.859375,
      0.6666666666666666,
      0.75
    ],
    "per_class_recall": [
      0.8875,
      0.6923076923076923,
      0.8461538461538461,
      0.5,
      0.46153846153846156
    ],
    "per_class_f1": [
      0.8255813953488372,
      0.7058823529411765,
      0.8527131782945736,
      0.5714285714285714,
      0.5714285714285714
    ],
    "per_class_support": [
      80,
      78,
      65,
      12,
      13
    ],
    "confusion_matrix": [
      [
        71,
        9,
        0,
        0,
        0
      ],
      [
        21,
        54,
        3,
        0,
        0
      ],
      [
        0,
        8,
        55,
        0,
        2
      ],
      [
        0,
        0,
        6,
        6,
        0
      ],
      [
        0,
        4,
        0,
        3,
        6
      ]
    ]
  },
  "val_aux_loss": {
    "grade": 1.2776464833769687,
    "center": 0.0031893018772808676
  },
  "test_aux_loss": {
    "grade": 1.3896512908320273,
    "center": 0.008792007212590644
  },
  "test_aux_sanity": {
    "center": {
      "accuracy": 0.9959677419354839,
      "n": 248
    }
  },
  "config": {
    "seed": 42,
    "image_size": 384,
    "val_split": 0.15,
    "num_workers": 0,
    "batch_size": 8,
    "augmentation": true,
    "backbone": "resnet50",
    "pretrained": true,
    "dropout": 0.3,
    "add_max_pooling": true,
    "use_age": false,
    "use_sex": false,
    "use_center": true,
    "weighting": "fixed",
    "w_grade": 1.0,
    "w_age": 0.2,
    "w_sex": 0.1,
    "w_center": 0.2,
    "weighted_ce": true,
    "label_smoothing": 0.1,
    "epochs": 20,
    "head_lr": 0.001,
    "backbone_lr": 0.0001,
    "weight_decay": 0.0001,
    "scheduler": "cosine",
    "warmup_epochs": 1,
    "grad_clip": 1.0,
    "use_amp": true,
    "early_stop_patience": 7,
    "primary_metric": "quadratic_kappa",
    "warm_start_ckpt": "a:\\Applied AI\\group work\\AppliedAIGroupProject\\checkpoints\\baseline\\baseline_resnet50_best.pt",
    "experiment_name": "mmac_mixed_mtl_center_imbalance",
    "checkpoint_dir": "a:\\Applied AI\\group work\\AppliedAIGroupProject\\checkpoints\\mixed_mtl",
    "output_dir": "a:\\Applied AI\\group work\\AppliedAIGroupProject\\outputs\\mixed_mtl"
  }
}