,point,low,high
accuracy,0.7741935483870968,0.7217741935483871,0.8225806451612904
balanced_accuracy,0.6775,0.5951025641025641,0.7583381410256411
macro_f1,0.705406813888346,0.6103711324033745,0.7834256813928759
weighted_f1,0.7694250243233077,0.7178800356873182,0.8186790135523747
quadratic_kappa,0.8346760467491205,0.7695768470711666,0.8937551562073621
macro_auroc,0.9180699401322985,0.8790718825937441,0.9518505942165578
