experiment,kappa,kappa_ci,delta_vs_baseline,delta_ci,p_value,sig@5%
baseline_resnet50,0.7876447876447876,"0.7876  [0.7139, 0.8537]",0.0,-,-,-
mtl_center_only,0.8622222222222222,"0.8622  [0.8291, 0.8937]",0.0745774345774346,"[+0.0217, +0.1392]",0.007,yes
