experiment,metric,mtl,baseline,delta,ci_low,ci_high,p_value,sig@5%
mtl_center_only,quadratic_kappa,0.8622222222222222,0.7876447876447876,0.0745774345774346,0.021691688432327848,0.13916463270243828,0.007,yes
mtl_center_only,macro_f1,0.6202725454968767,0.643002689315213,-0.022730143818336268,-0.09983373712685943,0.05673132490821978,0.561,no
mtl_center_only,balanced_accuracy,0.5984615384615385,0.6111538461538462,-0.01269230769230767,-0.08359935897435895,0.053413461538461396,0.711,no
