{
  "experiment": "class_imbalance_resnet50_max_pooling",
  "device": "cuda",
  "best_epoch": 6,
  "best_val_metric": 0.9136632868185925,
  "primary_metric": "quadratic_kappa",
  "val": {
    "accuracy": 0.8430232558139535,
    "balanced_accuracy": 0.7792522544007908,
    "macro_f1": 0.7895475010710171,
    "weighted_f1": 0.843208213350875,
    "quadratic_kappa": 0.9136632868185925,
    "macro_auroc": 0.9588472900958293,
    "per_class_precision": [
      0.9298245614035088,
      0.7777777777777778,
      0.9259259259259259,
      0.6153846153846154,
      1.0
    ],
    "per_class_recall": [
      0.8688524590163934,
      0.9032258064516129,
      0.7352941176470589,
      0.8888888888888888,
      0.5
    ],
    "per_class_f1": [
      0.8983050847457628,
      0.835820895522388,
      0.819672131147541,
      0.7272727272727273,
      0.6666666666666666
    ],
    "per_class_support": [
      61,
      62,
      34,
      9,
      6
    ],
    "confusion_matrix": [
      [
        53,
        8,
        0,
        0,
        0
      ],
      [
        4,
        56,
        2,
        0,
        0
      ],
      [
        0,
        7,
        25,
        2,
        0
      ],
      [
        0,
        1,
        0,
        8,
        0
      ],
      [
        0,
        0,
        0,
        3,
        3
      ]
    ]
  },
  "test": {
    "accuracy": 0.6411290322580645,
    "balanced_accuracy": 0.5262820512820513,
    "macro_f1": 0.5641630215653144,
    "weighted_f1": 0.6347978600916119,
    "quadratic_kappa": 0.7206850277973034,
    "macro_auroc": 0.9030284930539854,
    "per_class_precision": [
      0.775,
      0.5,
      0.8055555555555556,
      0.5714285714285714,
      0.8
    ],
    "per_class_recall": [
      0.775,
      0.7692307692307693,
      0.4461538461538462,
      0.3333333333333333,
      0.3076923076923077
    ],
    "per_class_f1": [
      0.775,
      0.6060606060606061,
      0.5742574257425742,
      0.42105263157894735,
      0.4444444444444444
    ],
    "per_class_support": [
      80,
      78,
      65,
      12,
      13
    ],
    "confusion_matrix": [
      [
        62,
        18,
        0,
        0,
        0
      ],
      [
        18,
        60,
        0,
        0,
        0
      ],
      [
        0,
        35,
        29,
        1,
        0
      ],
      [
        0,
        2,
        5,
        4,
        1
      ],
      [
        0,
        5,
        2,
        2,
        4
      ]
    ]
  },
  "config": {
    "seed": 42,
    "image_size": 224,
    "val_split": 0.15,
    "num_workers": 8,
    "batch_size": 128,
    "train_fraction": 1.0,
    "augmentation": true,
    "backbone": "resnet50",
    "pretrained": true,
    "dropout": 0.3,
    "add_max_pooling": true,
    "epochs": 30,
    "head_lr": 0.001,
    "backbone_lr": 0.0001,
    "weight_decay": 0.0001,
    "scheduler": "cosine",
    "warmup_epochs": 1,
    "label_smoothing": 0.0,
    "weighted_ce": false,
    "grad_clip": 1.0,
    "use_amp": true,
    "early_stop_patience": 7,
    "primary_metric": "quadratic_kappa",
    "checkpoint_dir": "/home/dudu/ucl/applied_ai/cw2/AppliedAIGroupProject/checkpoints/baseline",
    "output_dir": "/home/dudu/ucl/applied_ai/cw2/AppliedAIGroupProject/outputs/baseline",
    "experiment_name": "class_imbalance_resnet50_max_pooling"
  }
}