{
  "experiment": "class_imbalance_resnet50_img384",
  "device": "cuda",
  "best_epoch": 7,
  "best_val_metric": 0.9362880886426592,
  "primary_metric": "quadratic_kappa",
  "val": {
    "accuracy": 0.8837209302325582,
    "balanced_accuracy": 0.7970057686392026,
    "macro_f1": 0.8101409234661606,
    "weighted_f1": 0.880139534883721,
    "quadratic_kappa": 0.9362880886426592,
    "macro_auroc": 0.9628737519727251,
    "per_class_precision": [
      0.921875,
      0.8870967741935484,
      0.8529411764705882,
      0.6666666666666666,
      0.8333333333333334
    ],
    "per_class_recall": [
      0.9672131147540983,
      0.8870967741935484,
      0.8529411764705882,
      0.4444444444444444,
      0.8333333333333334
    ],
    "per_class_f1": [
      0.944,
      0.8870967741935484,
      0.8529411764705882,
      0.5333333333333333,
      0.8333333333333334
    ],
    "per_class_support": [
      61,
      62,
      34,
      9,
      6
    ],
    "confusion_matrix": [
      [
        59,
        2,
        0,
        0,
        0
      ],
      [
        5,
        55,
        1,
        1,
        0
      ],
      [
        0,
        5,
        29,
        0,
        0
      ],
      [
        0,
        0,
        4,
        4,
        1
      ],
      [
        0,
        0,
        0,
        1,
        5
      ]
    ]
  },
  "test": {
    "accuracy": 0.7298387096774194,
    "balanced_accuracy": 0.6036538461538462,
    "macro_f1": 0.6359901037640048,
    "weighted_f1": 0.7245640912374489,
    "quadratic_kappa": 0.8546156129415257,
    "macro_auroc": 0.9300041112073888,
    "per_class_precision": [
      0.7717391304347826,
      0.6470588235294118,
      0.8214285714285714,
      0.4,
      1.0
    ],
    "per_class_recall": [
      0.8875,
      0.7051282051282052,
      0.7076923076923077,
      0.3333333333333333,
      0.38461538461538464
    ],
    "per_class_f1": [
      0.8255813953488372,
      0.6748466257668712,
      0.7603305785123967,
      0.36363636363636365,
      0.5555555555555556
    ],
    "per_class_support": [
      80,
      78,
      65,
      12,
      13
    ],
    "confusion_matrix": [
      [
        71,
        9,
        0,
        0,
        0
      ],
      [
        21,
        55,
        2,
        0,
        0
      ],
      [
        0,
        19,
        46,
        0,
        0
      ],
      [
        0,
        2,
        6,
        4,
        0
      ],
      [
        0,
        0,
        2,
        6,
        5
      ]
    ]
  },
  "config": {
    "seed": 42,
    "image_size": 384,
    "val_split": 0.15,
    "num_workers": 8,
    "batch_size": 8,
    "train_fraction": 1.0,
    "augmentation": true,
    "backbone": "resnet50",
    "pretrained": true,
    "dropout": 0.3,
    "add_max_pooling": false,
    "epochs": 30,
    "head_lr": 0.001,
    "backbone_lr": 0.0001,
    "weight_decay": 0.0001,
    "scheduler": "cosine",
    "warmup_epochs": 1,
    "label_smoothing": 0.0,
    "weighted_ce": false,
    "grad_clip": 1.0,
    "use_amp": true,
    "early_stop_patience": 7,
    "primary_metric": "quadratic_kappa",
    "checkpoint_dir": "/home/dudu/ucl/applied_ai/cw2/AppliedAIGroupProject/checkpoints/baseline",
    "output_dir": "/home/dudu/ucl/applied_ai/cw2/AppliedAIGroupProject/outputs/baseline",
    "experiment_name": "class_imbalance_resnet50_img384"
  }
}