{
  "experiment": "class_imbalance_resnet50_weightedce_smoothing",
  "device": "cuda",
  "best_epoch": 29,
  "best_val_metric": 0.917190744139861,
  "primary_metric": "quadratic_kappa",
  "val": {
    "accuracy": 0.8488372093023255,
    "balanced_accuracy": 0.7906592286130034,
    "macro_f1": 0.7635229209731509,
    "weighted_f1": 0.8498167010936093,
    "quadratic_kappa": 0.917190744139861,
    "macro_auroc": 0.944898613276162,
    "per_class_precision": [
      0.9047619047619048,
      0.8928571428571429,
      0.8235294117647058,
      0.6153846153846154,
      0.5
    ],
    "per_class_recall": [
      0.9344262295081968,
      0.8064516129032258,
      0.8235294117647058,
      0.8888888888888888,
      0.5
    ],
    "per_class_f1": [
      0.9193548387096774,
      0.847457627118644,
      0.8235294117647058,
      0.7272727272727273,
      0.5
    ],
    "per_class_support": [
      61,
      62,
      34,
      9,
      6
    ],
    "confusion_matrix": [
      [
        57,
        4,
        0,
        0,
        0
      ],
      [
        6,
        50,
        6,
        0,
        0
      ],
      [
        0,
        2,
        28,
        2,
        2
      ],
      [
        0,
        0,
        0,
        8,
        1
      ],
      [
        0,
        0,
        0,
        3,
        3
      ]
    ]
  },
  "test": {
    "accuracy": 0.7258064516129032,
    "balanced_accuracy": 0.6541666666666666,
    "macro_f1": 0.683931658838745,
    "weighted_f1": 0.7264229416298326,
    "quadratic_kappa": 0.8379414498141264,
    "macro_auroc": 0.9218364744000775,
    "per_class_precision": [
      0.7790697674418605,
      0.6222222222222222,
      0.8301886792452831,
      0.5,
      1.0
    ],
    "per_class_recall": [
      0.8375,
      0.717948717948718,
      0.676923076923077,
      0.5,
      0.5384615384615384
    ],
    "per_class_f1": [
      0.8072289156626506,
      0.6666666666666666,
      0.7457627118644068,
      0.5,
      0.7
    ],
    "per_class_support": [
      80,
      78,
      65,
      12,
      13
    ],
    "confusion_matrix": [
      [
        67,
        13,
        0,
        0,
        0
      ],
      [
        19,
        56,
        3,
        0,
        0
      ],
      [
        0,
        18,
        44,
        3,
        0
      ],
      [
        0,
        1,
        5,
        6,
        0
      ],
      [
        0,
        2,
        1,
        3,
        7
      ]
    ]
  },
  "config": {
    "seed": 42,
    "image_size": 224,
    "val_split": 0.15,
    "num_workers": 8,
    "batch_size": 128,
    "train_fraction": 1.0,
    "augmentation": true,
    "backbone": "resnet50",
    "pretrained": true,
    "dropout": 0.3,
    "add_max_pooling": false,
    "epochs": 30,
    "head_lr": 0.001,
    "backbone_lr": 0.0001,
    "weight_decay": 0.0001,
    "scheduler": "cosine",
    "warmup_epochs": 1,
    "label_smoothing": 0.1,
    "weighted_ce": true,
    "grad_clip": 1.0,
    "use_amp": true,
    "early_stop_patience": 15,
    "primary_metric": "quadratic_kappa",
    "checkpoint_dir": "/home/dudu/ucl/applied_ai/cw2/AppliedAIGroupProject/checkpoints/baseline",
    "output_dir": "/home/dudu/ucl/applied_ai/cw2/AppliedAIGroupProject/outputs/baseline",
    "experiment_name": "class_imbalance_resnet50_weightedce_smoothing"
  }
}