{
  "experiment": "class_imbalance_resnet50_imbalances_strategies_combined",
  "device": "cuda",
  "best_epoch": 18,
  "best_val_metric": 0.9398046514587509,
  "primary_metric": "quadratic_kappa",
  "val": {
    "accuracy": 0.8895348837209303,
    "balanced_accuracy": 0.8081168797503138,
    "macro_f1": 0.8140890325494862,
    "weighted_f1": 0.8893966527858522,
    "quadratic_kappa": 0.9398046514587509,
    "macro_auroc": 0.917207162027094,
    "per_class_precision": [
      0.9365079365079365,
      0.9016393442622951,
      0.8787878787878788,
      0.6,
      0.8
    ],
    "per_class_recall": [
      0.9672131147540983,
      0.8870967741935484,
      0.8529411764705882,
      0.6666666666666666,
      0.6666666666666666
    ],
    "per_class_f1": [
      0.9516129032258065,
      0.8943089430894309,
      0.8656716417910447,
      0.631578947368421,
      0.7272727272727273
    ],
    "per_class_support": [
      61,
      62,
      34,
      9,
      6
    ],
    "confusion_matrix": [
      [
        59,
        2,
        0,
        0,
        0
      ],
      [
        4,
        55,
        2,
        1,
        0
      ],
      [
        0,
        4,
        29,
        1,
        0
      ],
      [
        0,
        0,
        2,
        6,
        1
      ],
      [
        0,
        0,
        0,
        2,
        4
      ]
    ]
  },
  "test": {
    "accuracy": 0.7540322580645161,
    "balanced_accuracy": 0.726025641025641,
    "macro_f1": 0.7440087691179567,
    "weighted_f1": 0.7547401639439932,
    "quadratic_kappa": 0.8512442807722352,
    "macro_auroc": 0.9050473503509615,
    "per_class_precision": [
      0.7865168539325843,
      0.6304347826086957,
      0.9333333333333333,
      0.75,
      0.8
    ],
    "per_class_recall": [
      0.875,
      0.7435897435897436,
      0.6461538461538462,
      0.75,
      0.6153846153846154
    ],
    "per_class_f1": [
      0.8284023668639053,
      0.6823529411764706,
      0.7636363636363637,
      0.75,
      0.6956521739130435
    ],
    "per_class_support": [
      80,
      78,
      65,
      12,
      13
    ],
    "confusion_matrix": [
      [
        70,
        10,
        0,
        0,
        0
      ],
      [
        19,
        58,
        1,
        0,
        0
      ],
      [
        0,
        21,
        42,
        0,
        2
      ],
      [
        0,
        1,
        2,
        9,
        0
      ],
      [
        0,
        2,
        0,
        3,
        8
      ]
    ]
  },
  "config": {
    "seed": 42,
    "image_size": 384,
    "val_split": 0.15,
    "num_workers": 8,
    "batch_size": 8,
    "train_fraction": 1.0,
    "augmentation": true,
    "backbone": "resnet50",
    "pretrained": true,
    "dropout": 0.3,
    "add_max_pooling": true,
    "epochs": 30,
    "head_lr": 0.001,
    "backbone_lr": 0.0001,
    "weight_decay": 0.0001,
    "scheduler": "cosine",
    "warmup_epochs": 1,
    "label_smoothing": 0.1,
    "weighted_ce": true,
    "grad_clip": 1.0,
    "use_amp": true,
    "early_stop_patience": 7,
    "primary_metric": "quadratic_kappa",
    "checkpoint_dir": "/home/dudu/ucl/applied_ai/cw2/AppliedAIGroupProject/checkpoints/baseline",
    "output_dir": "/home/dudu/ucl/applied_ai/cw2/AppliedAIGroupProject/outputs/baseline",
    "experiment_name": "class_imbalance_resnet50_imbalances_strategies_combined"
  }
}